Workbook

Sheet Read Me
A1: Table1-OUI Data
A2: Available from https://oui.doleta.gov/unemploy/data_summary/DataSum.asp
A3: (click on State, then choose U.S. and then Labor Force Data)
A5: Table2-Construction
A6: We constuct the effective replacement rate in the United State, 2015-2022.
A7: All statistics in Table 2 come from data in Table 1 except for Job Loser Rate, which comes from 'statistics_m.xlsx' and has been converted quarterly using MATLAB.

Sheet Table1-OUI Data
A1: State | B1: Year | C1: Quarter | D1: Civilian Labor Force(000) | E1: Covered Employment(000) | F1: Subject Employers(000) | G1: Total Unemployment Rate | I1: Total Unemployed(000) | J1: Insured Unemployed Regular Programs(000) | K1: Insured Unemployed All Programs(000) | L1: Recipiency Rates Regular Programs | N1: Recipiency Rates All Programs
G2: (%) | H2: Rank | L2: (%) | M2: Rank | N2: (%) | O2: Rank
A3: US | B3: 1990 | C3: 1 | D3: 125605 | E3: 104639 | F3: 5632 | G3: 5.8 | H3: NA | I3: 7337 | J3: 2979.9 | K3: 2980.46 | L3: 40.6 | M3: NA | N3: 40.6 | O3: NA
A4: US | B4: 1990 | C4: 2 | D4: 127167 | E4: 106907 | F4: 5652 | G4: 5.4 | H4: NA | I4: 6835 | J4: 2375.77 | K4: 2379.29 | L4: 34.8 | M4: NA | N4: 34.8 | O4: NA
A5: US | B5: 1990 | C5: 3 | D5: 128248 | E5: 106490 | F5: 5685 | G5: 5.6 | H5: NA | I5: 7222 | J5: 2311.72 | K5: 2312.09 | L5: 32 | M5: NA | N5: 32 | O5: NA
A6: US | B6: 1990 | C6: 4 | D6: 127189 | E6: 107264 | F6: 5689 | G6: 5.9 | H6: NA | I6: 7445 | J6: 2646.43 | K6: 2649.66 | L6: 35.5 | M6: NA | N6: 35.6 | O6: NA
A7: US | B7: 1991 | C7: 1 | D7: 126434 | E7: 103381 | F7: 5694 | G7: 7.2 | H7: NA | I7: 9165 | J7: 3997.55 | K7: 4002.95 | L7: 43.6 | M7: NA | N7: 43.7 | O7: NA
A8: US | B8: 1991 | C8: 2 | D8: 128039 | E8: 105102 | F8: 5685 | G8: 6.8 | H8: NA | I8: 8759 | J8: 3444.43 | K8: 3538.35 | L8: 39.3 | M8: NA | N8: 40.4 | O8: NA
A9: US | B9: 1991 | C9: 3 | D9: 128891 | E9: 104428 | F9: 5719 | G9: 6.8 | H9: NA | I9: 8713 | J9: 3085.26 | K9: 3107.05 | L9: 35.4 | M9: NA | N9: 35.7 | O9: NA
A10: US | B10: 1991 | C10: 4 | D10: 128009 | E10: 105656 | F10: 5740 | G10: 6.8 | H10: NA | I10: 8707 | J10: 3128.31 | K10: 3133.92 | L10: 35.9 | M10: NA | N10: 36 | O10: NA
A11: US | B11: 1992 | C11: 1 | D11: 128068 | E11: 103070 | F11: 5731 | G11: 8.1 | H11: NA | I11: 10403 | J11: 4182.09 | K11: 4185.2 | L11: 40.2 | M11: NA | N11: 40.2 | O11: NA
A12: US | B12: 1992 | C12: 2 | D12: 129999 | E12: 105693 | F12: 5743 | G12: 7.6 | H12: NA | I12: 9864 | J12: 3329.32 | K12: 3341.3 | L12: 33.8 | M12: NA | N12: 33.9 | O12: NA
A13: US | B13: 1992 | C13: 3 | D13: 131335 | E13: 105169 | F13: 5769 | G13: 7.6 | H13: NA | I13: 9920 | J13: 3075.72 | K13: 3080.19 | L13: 31 | M13: NA | N13: 31.1 | O13: NA
A14: US | B14: 1992 | C14: 4 | D14: 129894 | E14: 106817 | F14: 5791 | G14: 7.1 | H14: NA | I14: 9205 | J14: 2824.88 | K14: 2825.03 | L14: 30.7 | M14: NA | N14: 30.7 | O14: NA
... A131: US | B131: 2022 | C131: 1 | D131: 164823 | E131: 144934 | F131: 9411 | G131: 4.1 | H131: NA | I131: 6793 | J131: 1902.53 | K131: 1937.19 | L131: 28 | M131: NA | N131: 28.5 | O131: NA

Sheet Table2-Construction
A1: Year | B1: Quarter | C1: Job Loser Rate | D1: Unemployment Rate (u_E) | E1: Coverage Rate | F1: Unemployment Rate (u) | G1: Unemployment Rate (u_N)
A2: 1990 | B2: 1 | C2: 0.511 | D2: ='Table1-OUI Data'!I3*C2/('Table1-OUI Data'!E3+'Table1-OUI Data'!K3) -> 0.034837631 | E2: =('Table1-OUI Data'!E3+'Table1-OUI Data'!K3)/'Table1-OUI Data'!D3 -> 0.85680873 | F2: ='Table1-OUI Data'!G3/100 -> 0.058 | G2: =(F2-E2*D2)/(1-E2) -> 0.19659588
A3: 1990 | B3: 2 | C3: 0.45866667 | D3: ='Table1-OUI Data'!I4*C3/('Table1-OUI Data'!E4+'Table1-OUI Data'!K4) -> 0.028686001 | E3: =('Table1-OUI Data'!E4+'Table1-OUI Data'!K4)/'Table1-OUI Data'!D4 -> 0.8593919 | F3: ='Table1-OUI Data'!G4/100 -> 0.054 | G3: =(F3-E3*D3)/(1-E3) -> 0.2087183
A4: 1990 | B4: 3 | C4: 0.44566667 | D4: ='Table1-OUI Data'!I5*C4/('Table1-OUI Data'!E5+'Table1-OUI Data'!K5) -> 0.029582195 | E4: =('Table1-OUI Data'!E5+'Table1-OUI Data'!K5)/'Table1-OUI Data'!D5 -> 0.84837261 | F4: ='Table1-OUI Data'!G5/100 -> 0.056 | G4: =(F4-E4*D4)/(1-E4) -> 0.20381064
A5: 1990 | B5: 4 | C5: 0.50433333 | D5: ='Table1-OUI Data'!I6*C5/('Table1-OUI Data'!E6+'Table1-OUI Data'!K6) -> 0.03416101 | E5: =('Table1-OUI Data'!E6+'Table1-OUI Data'!K6)/'Table1-OUI Data'!D6 -> 0.86417583 | F5: ='Table1-OUI Data'!G6/100 -> 0.059 | G5: =(F5-E5*D5)/(1-E5) -> 0.21703708
A6: 1991 | B6: 1 | C6: 0.58533333 | D6: ='Table1-OUI Data'!I7*C6/('Table1-OUI Data'!E7+'Table1-OUI Data'!K7) -> 0.049957 | E6: =('Table1-OUI Data'!E7+'Table1-OUI Data'!K7)/'Table1-OUI Data'!D7 -> 0.84932811 | F6: ='Table1-OUI Data'!G7/100 -> 0.072 | G6: =(F6-E6*D6)/(1-E6) -> 0.19625502
A7: 1991 | B7: 2 | C7: 0.526 | D7: ='Table1-OUI Data'!I8*C7/('Table1-OUI Data'!E8+'Table1-OUI Data'!K8) -> 0.042408129 | E7: =('Table1-OUI Data'!E8+'Table1-OUI Data'!K8)/'Table1-OUI Data'!D8 -> 0.84849421 | F7: ='Table1-OUI Data'!G8/100 -> 0.068 | G7: =(F7-E7*D7)/(1-E7) -> 0.21132491
A8: 1991 | B8: 3 | C8: 0.51433333 | D8: ='Table1-OUI Data'!I9*C8/('Table1-OUI Data'!E9+'Table1-OUI Data'!K9) -> 0.041673727 | E8: =('Table1-OUI Data'!E9+'Table1-OUI Data'!K9)/'Table1-OUI Data'!D9 -> 0.83431 | F8: ='Table1-OUI Data'!G9/100 -> 0.068 | G8: =(F8-E8*D8)/(1-E8) -> 0.20056245
A9: 1991 | B9: 4 | C9: 0.548 | D9: ='Table1-OUI Data'!I10*C9/('Table1-OUI Data'!E10+'Table1-OUI Data'!K10) -> 0.043859174 | E9: =('Table1-OUI Data'!E10+'Table1-OUI Data'!K10)/'Table1-OUI Data'!D10 -> 0.84986149 | F9: ='Table1-OUI Data'!G10/100 -> 0.068 | G9: =(F9-E9*D9)/(1-E9) -> 0.20464955
A10: 1992 | B10: 1 | C10: 0.606 | D10: ='Table1-OUI Data'!I11*C10/('Table1-OUI Data'!E11+'Table1-OUI Data'!K11) -> 0.058777738 | E10: =('Table1-OUI Data'!E11+'Table1-OUI Data'!K11)/'Table1-OUI Data'!D11 -> 0.83748634 | F10: ='Table1-OUI Data'!G11/100 -> 0.081 | G10: =(F10-E10*D10)/(1-E10) -> 0.19551862
A11: 1992 | B11: 2 | C11: 0.554 | D11: ='Table1-OUI Data'!I12*C11/('Table1-OUI Data'!E12+'Table1-OUI Data'!K12) -> 0.050118687 | E11: =('Table1-OUI Data'!E12+'Table1-OUI Data'!K12)/'Table1-OUI Data'!D12 -> 0.83873184 | F11: ='Table1-OUI Data'!G12/100 -> 0.076 | G11: =(F11-E11*D11)/(1-E11) -> 0.21060487
A12: 1992 | B12: 3 | C12: 0.52233333 | D12: ='Table1-OUI Data'!I13*C12/('Table1-OUI Data'!E13+'Table1-OUI Data'!K13) -> 0.04786684 | E12: =('Table1-OUI Data'!E13+'Table1-OUI Data'!K13)/'Table1-OUI Data'!D13 -> 0.82422195 | F12: ='Table1-OUI Data'!G13/100 -> 0.076 | G12: =(F12-E12*D12)/(1-E12) -> 0.20791618
A13: 1992 | B13: 4 | C13: 0.55933333 | D13: ='Table1-OUI Data'!I14*C13/('Table1-OUI Data'!E14+'Table1-OUI Data'!K14) -> 0.046958847 | E13: =('Table1-OUI Data'!E14+'Table1-OUI Data'!K14)/'Table1-OUI Data'!D14 -> 0.84408849 | F13: ='Table1-OUI Data'!G14/100 -> 0.071 | G13: =(F13-E13*D13)/(1-E13) -> 0.20115627
... A130: 2022 | B130: 1 | C130: 0.51433333 | D130: ='Table1-OUI Data'!I131*C130/('Table1-OUI Data'!E131+'Table1-OUI Data'!K131) -> 0.023788643 | E130: =('Table1-OUI Data'!E131+'Table1-OUI Data'!K131)/'Table1-OUI Data'!D131 -> 0.89108431 | F130: ='Table1-OUI Data'!G131/100 -> 0.041 | G130: =(F130-E130*D130)/(1-E130) -> 0.18181324
